Start,End,Best Matrix,Best M. At,Time Taken,CUDA Memory Used,CPU Memory,Time
1,10,0.011322065194447836,2,2254.474479198456,0,0,2023:04:03 01:21:21
1,10,0.014803139368693034,4,3430.6105687618256,0,0,2023:04:03 01:40:57